instance,n,k,algorithm,attempt,floyd_ms,algo_ms,radius,optimal_radius,gap_pct
pmed1,100,5,Gonzalez,1,55,0,186,127,46.46
pmed4,100,20,Gonzalez,1,56,0,112,74,51.35
pmed2,100,10,Gonzalez,1,56,0,131,98,33.67
pmed5,100,33,Gonzalez,1,56,0,72,48,50.00
pmed2,100,10,Gonzalez,2,56,0,131,98,33.67
pmed4,100,20,Gonzalez,2,56,0,112,74,51.35
pmed1,100,5,Gonzalez,2,55,0,186,127,46.46
pmed5,100,33,Gonzalez,2,56,0,72,48,50.00
pmed2,100,10,Gonzalez,3,56,0,131,98,33.67
pmed4,100,20,Gonzalez,3,56,0,112,74,51.35
pmed1,100,5,Gonzalez,3,55,0,186,127,46.46
pmed8,200,20,Gonzalez,1,65,0,81,55,47.27
pmed5,100,33,Gonzalez,3,56,0,72,48,50.00
pmed10,200,67,Gonzalez,1,65,0,30,20,50.00
pmed2,100,10,Gonzalez,4,56,0,131,98,33.67
pmed8,200,20,Gonzalez,2,65,0,81,55,47.27
pmed4,100,20,Gonzalez,4,56,0,112,74,51.35
pmed7,200,10,Gonzalez,1,70,0,98,64,53.13
pmed10,200,67,Gonzalez,2,65,0,30,20,50.00
pmed1,100,5,Gonzalez,4,55,0,186,127,46.46
pmed5,100,33,Gonzalez,4,56,0,72,48,50.00
pmed1,100,5,Gonzalez,5,55,0,186,127,46.46
pmed5,100,33,Gonzalez,5,56,0,72,48,50.00
pmed1,100,5,FastMap,1,55,0,176,127,38.58
pmed5,100,33,FastMap,1,56,0,81,48,68.75
pmed5,100,33,FastMap,2,56,0,86,48,79.17
pmed8,200,20,Gonzalez,3,65,0,81,55,47.27
pmed2,100,10,Gonzalez,5,56,0,131,98,33.67
pmed8,200,20,Gonzalez,4,65,0,81,55,47.27
pmed4,100,20,Gonzalez,5,56,0,112,74,51.35
pmed7,200,10,Gonzalez,2,70,0,98,64,53.13
pmed10,200,67,Gonzalez,3,65,0,30,20,50.00
pmed7,200,10,Gonzalez,3,70,0,98,64,53.13
pmed10,200,67,Gonzalez,4,65,0,30,20,50.00
pmed1,100,5,FastMap,2,55,0,193,127,51.97
pmed10,200,67,Gonzalez,5,65,0,30,20,50.00
pmed1,100,5,FastMap,3,55,0,163,127,28.35
pmed1,100,5,FastMap,4,55,0,160,127,25.98
pmed1,100,5,FastMap,5,55,0,186,127,46.46
pmed10,200,67,FastMap,1,65,1,58,20,190.00
pmed5,100,33,FastMap,3,56,0,116,48,141.67
pmed5,100,33,FastMap,4,56,0,94,48,95.83
pmed5,100,33,FastMap,5,56,0,95,48,97.92
pmed2,100,10,FastMap,1,56,0,151,98,54.08
pmed8,200,20,Gonzalez,5,65,0,81,55,47.27
pmed4,100,20,FastMap,1,56,0,117,74,58.11
pmed7,200,10,Gonzalez,4,70,0,98,64,53.13
pmed2,100,10,FastMap,2,56,0,162,98,65.31
pmed8,200,20,FastMap,1,65,0,104,55,89.09
pmed8,200,20,FastMap,2,65,0,97,55,76.36
pmed4,100,20,FastMap,2,56,0,161,74,117.57
pmed4,100,20,FastMap,3,56,0,147,74,98.65
pmed4,100,20,FastMap,4,56,0,117,74,58.11
pmed4,100,20,FastMap,5,56,0,154,74,108.11
pmed7,200,10,Gonzalez,5,70,0,98,64,53.13
pmed7,200,10,FastMap,1,70,0,90,64,40.63
pmed2,100,10,FastMap,3,56,0,144,98,46.94
pmed2,100,10,FastMap,4,56,0,157,98,60.20
pmed9,200,40,Gonzalez,1,82,0,61,37,64.86
pmed2,100,10,FastMap,5,56,0,150,98,53.06
pmed8,200,20,FastMap,3,65,0,101,55,83.64
pmed10,200,67,FastMap,2,65,7,58,20,190.00
pmed7,200,10,FastMap,2,70,0,105,64,64.06
pmed10,200,67,FastMap,3,65,0,57,20,185.00
pmed10,200,67,FastMap,4,65,0,69,20,245.00
pmed9,200,40,Gonzalez,2,82,0,61,37,64.86
pmed7,200,10,FastMap,3,70,0,95,64,48.44
pmed7,200,10,FastMap,4,70,0,90,64,40.63
pmed9,200,40,Gonzalez,3,82,0,61,37,64.86
pmed8,200,20,FastMap,4,65,0,107,55,94.55
pmed10,200,67,FastMap,5,65,0,54,20,170.00
pmed7,200,10,FastMap,5,70,0,93,64,45.31
pmed9,200,40,Gonzalez,4,82,0,61,37,64.86
pmed8,200,20,FastMap,5,65,0,100,55,81.82
pmed9,200,40,Gonzalez,5,82,0,61,37,64.86
pmed9,200,40,FastMap,1,82,0,74,37,100.00
pmed9,200,40,FastMap,2,82,0,90,37,143.24
pmed9,200,40,FastMap,3,82,0,70,37,89.19
pmed9,200,40,FastMap,4,82,0,72,37,94.59
pmed9,200,40,FastMap,5,82,0,82,37,121.62
pmed3,100,10,Gonzalez,1,105,0,154,93,65.59
pmed3,100,10,Gonzalez,2,105,0,154,93,65.59
pmed3,100,10,Gonzalez,3,105,0,154,93,65.59
pmed3,100,10,Gonzalez,4,105,0,154,93,65.59
pmed3,100,10,Gonzalez,5,105,0,154,93,65.59
pmed3,100,10,FastMap,1,105,0,169,93,81.72
pmed3,100,10,FastMap,2,105,0,155,93,66.67
pmed3,100,10,FastMap,3,105,0,145,93,55.91
pmed3,100,10,FastMap,4,105,0,129,93,38.71
pmed3,100,10,FastMap,5,105,0,131,93,40.86
pmed6,200,5,Gonzalez,1,174,0,138,84,64.29
pmed6,200,5,Gonzalez,2,174,0,138,84,64.29
pmed6,200,5,Gonzalez,3,174,0,138,84,64.29
pmed6,200,5,Gonzalez,4,174,0,138,84,64.29
pmed6,200,5,Gonzalez,5,174,0,138,84,64.29
pmed6,200,5,FastMap,1,174,0,110,84,30.95
pmed6,200,5,FastMap,2,174,0,123,84,46.43
pmed6,200,5,FastMap,3,174,0,118,84,40.48
pmed6,200,5,FastMap,4,174,0,114,84,35.71
pmed6,200,5,FastMap,5,174,0,110,84,30.95
pmed11,300,5,Gonzalez,1,248,0,74,59,25.42
pmed11,300,5,Gonzalez,2,248,0,74,59,25.42
pmed11,300,5,Gonzalez,3,248,0,74,59,25.42
pmed11,300,5,Gonzalez,4,248,0,74,59,25.42
pmed11,300,5,Gonzalez,5,248,0,74,59,25.42
pmed11,300,5,FastMap,1,248,0,67,59,13.56
pmed11,300,5,FastMap,2,248,0,95,59,61.02
pmed11,300,5,FastMap,3,248,0,96,59,62.71
pmed11,300,5,FastMap,4,248,0,82,59,38.98
pmed11,300,5,FastMap,5,248,0,82,59,38.98
pmed15,300,100,Gonzalez,1,261,0,25,18,38.89
pmed15,300,100,Gonzalez,2,261,0,25,18,38.89
pmed15,300,100,Gonzalez,3,261,0,25,18,38.89
pmed15,300,100,Gonzalez,4,261,0,25,18,38.89
pmed15,300,100,Gonzalez,5,261,0,25,18,38.89
pmed15,300,100,FastMap,1,261,0,57,18,216.67
pmed15,300,100,FastMap,2,261,0,53,18,194.44
pmed15,300,100,FastMap,3,261,0,63,18,250.00
pmed15,300,100,FastMap,4,261,0,54,18,200.00
pmed15,300,100,FastMap,5,261,1,37,18,105.56
pmed14,300,60,Gonzalez,1,280,0,40,26,53.85
pmed14,300,60,Gonzalez,2,280,0,40,26,53.85
pmed14,300,60,Gonzalez,3,280,0,40,26,53.85
pmed14,300,60,Gonzalez,4,280,0,40,26,53.85
pmed14,300,60,Gonzalez,5,280,0,40,26,53.85
pmed14,300,60,FastMap,1,280,0,59,26,126.92
pmed14,300,60,FastMap,2,280,0,60,26,130.77
pmed14,300,60,FastMap,3,280,0,58,26,123.08
pmed12,300,10,Gonzalez,1,286,0,71,51,39.22
pmed13,300,30,Gonzalez,1,288,0,60,35,71.43
pmed12,300,10,Gonzalez,2,286,0,71,51,39.22
pmed13,300,30,Gonzalez,2,288,0,60,35,71.43
pmed12,300,10,Gonzalez,3,286,0,71,51,39.22
pmed14,300,60,FastMap,4,280,0,70,26,169.23
pmed13,300,30,Gonzalez,3,288,0,60,35,71.43
pmed12,300,10,Gonzalez,4,286,0,71,51,39.22
pmed14,300,60,FastMap,5,280,0,60,26,130.77
pmed13,300,30,Gonzalez,4,288,0,60,35,71.43
pmed12,300,10,Gonzalez,5,286,0,71,51,39.22
pmed13,300,30,Gonzalez,5,288,0,60,35,71.43
pmed12,300,10,FastMap,1,286,0,99,51,94.12
pmed13,300,30,FastMap,1,288,0,66,35,88.57
pmed12,300,10,FastMap,2,286,0,73,51,43.14
pmed13,300,30,FastMap,2,288,0,69,35,97.14
pmed12,300,10,FastMap,3,286,0,85,51,66.67
pmed13,300,30,FastMap,3,288,0,66,35,88.57
pmed12,300,10,FastMap,4,286,0,99,51,94.12
pmed13,300,30,FastMap,4,288,0,70,35,100.00
pmed12,300,10,FastMap,5,286,0,79,51,54.90
pmed13,300,30,FastMap,5,288,3,65,35,85.71
pmed16,400,5,Gonzalez,1,342,0,84,47,78.72
pmed16,400,5,Gonzalez,2,342,0,84,47,78.72
pmed16,400,5,Gonzalez,3,342,0,84,47,78.72
pmed16,400,5,Gonzalez,4,342,0,84,47,78.72
pmed16,400,5,Gonzalez,5,342,0,84,47,78.72
pmed16,400,5,FastMap,1,342,0,69,47,46.81
pmed16,400,5,FastMap,2,342,0,59,47,25.53
pmed16,400,5,FastMap,3,342,0,61,47,29.79
pmed16,400,5,FastMap,4,342,0,65,47,38.30
pmed16,400,5,FastMap,5,342,0,70,47,48.94
pmed19,400,80,Gonzalez,1,353,0,29,18,61.11
pmed20,400,133,Gonzalez,1,354,0,19,13,46.15
pmed20,400,133,Gonzalez,2,354,0,19,13,46.15
pmed20,400,133,Gonzalez,3,354,0,19,13,46.15
pmed19,400,80,Gonzalez,2,353,1,29,18,61.11
pmed20,400,133,Gonzalez,4,354,0,19,13,46.15
pmed19,400,80,Gonzalez,3,353,0,29,18,61.11
pmed20,400,133,Gonzalez,5,354,0,19,13,46.15
pmed19,400,80,Gonzalez,4,353,0,29,18,61.11
pmed19,400,80,Gonzalez,5,353,0,29,18,61.11
pmed20,400,133,FastMap,1,354,0,36,13,176.92
pmed19,400,80,FastMap,1,353,0,44,18,144.44
pmed20,400,133,FastMap,2,354,0,33,13,153.85
pmed19,400,80,FastMap,2,353,0,42,18,133.33
pmed20,400,133,FastMap,3,354,0,38,13,192.31
pmed1,100,5,WVA-IG,1,55,281,127,127,0.00
pmed19,400,80,FastMap,3,353,0,48,18,166.67
pmed20,400,133,FastMap,4,354,0,38,13,192.31
pmed20,400,133,FastMap,5,354,0,49,13,276.92
pmed19,400,80,FastMap,4,353,0,40,18,122.22
pmed19,400,80,FastMap,5,353,0,41,18,127.78
pmed18,400,40,Gonzalez,1,368,0,45,28,60.71
pmed18,400,40,Gonzalez,2,368,0,45,28,60.71
pmed18,400,40,Gonzalez,3,368,0,45,28,60.71
pmed18,400,40,Gonzalez,4,368,0,45,28,60.71
pmed18,400,40,Gonzalez,5,368,0,45,28,60.71
pmed18,400,40,FastMap,1,368,0,55,28,96.43
pmed18,400,40,FastMap,2,368,0,51,28,82.14
pmed18,400,40,FastMap,3,368,0,59,28,110.71
pmed18,400,40,FastMap,4,368,0,55,28,96.43
pmed18,400,40,FastMap,5,368,0,51,28,82.14
pmed17,400,10,Gonzalez,1,473,0,56,39,43.59
pmed17,400,10,Gonzalez,2,473,0,56,39,43.59
pmed17,400,10,Gonzalez,3,473,0,56,39,43.59
pmed17,400,10,Gonzalez,4,473,0,56,39,43.59
pmed17,400,10,Gonzalez,5,473,0,56,39,43.59
pmed17,400,10,FastMap,1,473,0,58,39,48.72
pmed17,400,10,FastMap,2,473,0,56,39,43.59
pmed17,400,10,FastMap,3,473,0,53,39,35.90
pmed17,400,10,FastMap,4,473,1,66,39,69.23
pmed17,400,10,FastMap,5,473,0,62,39,58.97
pmed1,100,5,WVA-IG,2,55,158,128,127,0.79
pmed23,500,50,Gonzalez,1,607,0,35,22,59.09
pmed23,500,50,Gonzalez,2,607,0,35,22,59.09
pmed23,500,50,Gonzalez,3,607,0,35,22,59.09
pmed23,500,50,Gonzalez,4,607,0,35,22,59.09
pmed23,500,50,Gonzalez,5,607,0,35,22,59.09
pmed23,500,50,FastMap,1,607,3,44,22,100.00
pmed23,500,50,FastMap,2,607,0,42,22,90.91
pmed23,500,50,FastMap,3,607,0,45,22,104.55
pmed23,500,50,FastMap,4,607,0,46,22,109.09
pmed22,500,10,Gonzalez,1,616,0,56,38,47.37
pmed22,500,10,Gonzalez,2,616,0,56,38,47.37
pmed23,500,50,FastMap,5,607,0,47,22,113.64
pmed22,500,10,Gonzalez,3,616,0,56,38,47.37
pmed22,500,10,Gonzalez,4,616,0,56,38,47.37
pmed22,500,10,Gonzalez,5,616,0,56,38,47.37
pmed22,500,10,FastMap,1,616,0,54,38,42.11
pmed22,500,10,FastMap,2,616,0,50,38,31.58
pmed22,500,10,FastMap,3,616,0,53,38,39.47
pmed22,500,10,FastMap,4,616,0,48,38,26.32
pmed22,500,10,FastMap,5,616,0,53,38,39.47
pmed3,100,10,WVA-IG,1,105,534,98,93,5.38
pmed1,100,5,WVA-IG,3,55,150,127,127,0.00
pmed24,500,100,Gonzalez,1,669,0,23,15,53.33
pmed24,500,100,Gonzalez,2,669,0,23,15,53.33
pmed24,500,100,Gonzalez,3,669,0,23,15,53.33
pmed24,500,100,Gonzalez,4,669,0,23,15,53.33
pmed24,500,100,Gonzalez,5,669,0,23,15,53.33
pmed24,500,100,FastMap,1,669,0,34,15,126.67
pmed24,500,100,FastMap,2,669,0,30,15,100.00
pmed24,500,100,FastMap,3,669,0,35,15,133.33
pmed24,500,100,FastMap,4,669,0,38,15,153.33
pmed24,500,100,FastMap,5,669,0,32,15,113.33
pmed21,500,5,Gonzalez,1,739,0,53,40,32.50
pmed21,500,5,Gonzalez,2,739,0,53,40,32.50
pmed21,500,5,Gonzalez,3,739,0,53,40,32.50
pmed21,500,5,Gonzalez,4,739,0,53,40,32.50
pmed21,500,5,Gonzalez,5,739,0,53,40,32.50
pmed21,500,5,FastMap,1,739,0,54,40,35.00
pmed21,500,5,FastMap,2,739,0,53,40,32.50
pmed21,500,5,FastMap,3,739,0,59,40,47.50
pmed21,500,5,FastMap,4,739,0,50,40,25.00
pmed21,500,5,FastMap,5,739,0,57,40,42.50
pmed1,100,5,WVA-IG,4,55,176,127,127,0.00
pmed2,100,10,WVA-IG,1,56,779,98,98,0.00
pmed6,200,5,WVA-IG,1,174,800,83,84,-1.19
pmed1,100,5,WVA-IG,5,55,183,127,127,0.00
pmed1,100,5,Exact,1,55,69,127,127,0.00
pmed1,100,5,Exact,2,55,31,127,127,0.00
pmed3,100,10,WVA-IG,2,105,515,96,93,3.23
pmed1,100,5,Exact,3,55,27,127,127,0.00
pmed1,100,5,Exact,4,55,24,127,127,0.00
pmed1,100,5,Exact,5,55,11,127,127,0.00
pmed25,500,167,Gonzalez,1,154,0,15,11,36.36
pmed25,500,167,Gonzalez,2,154,0,15,11,36.36
pmed25,500,167,Gonzalez,3,154,0,15,11,36.36
pmed25,500,167,Gonzalez,4,154,0,15,11,36.36
pmed25,500,167,Gonzalez,5,154,0,15,11,36.36
pmed25,500,167,FastMap,1,154,0,32,11,190.91
pmed25,500,167,FastMap,2,154,0,42,11,281.82
pmed25,500,167,FastMap,3,154,0,34,11,209.09
pmed25,500,167,FastMap,4,154,0,36,11,227.27
pmed25,500,167,FastMap,5,154,0,38,11,245.45
pmed2,100,10,WVA-IG,2,56,723,98,98,0.00
pmed4,100,20,WVA-IG,1,56,1584,76,74,2.70
pmed11,300,5,WVA-IG,1,248,1429,59,59,0.00
pmed3,100,10,WVA-IG,3,105,542,96,93,3.23
pmed6,200,5,WVA-IG,2,174,784,82,84,-2.38
pmed3,100,10,WVA-IG,4,105,520,96,93,3.23
pmed7,200,10,WVA-IG,1,70,2200,64,64,0.00
pmed2,100,10,WVA-IG,3,56,729,98,98,0.00
pmed6,200,5,WVA-IG,3,174,794,82,84,-2.38
pmed3,100,10,WVA-IG,5,105,536,95,93,2.15
pmed3,100,10,Exact,1,105,130,93,93,0.00
pmed3,100,10,Exact,2,105,126,93,93,0.00
pmed16,400,5,WVA-IG,1,342,2707,45,47,-4.26
pmed4,100,20,WVA-IG,2,56,1437,76,74,2.70
pmed2,100,10,WVA-IG,4,56,782,98,98,0.00
pmed11,300,5,WVA-IG,2,248,1452,59,59,0.00
pmed3,100,10,Exact,3,105,124,93,93,0.00
pmed5,100,33,WVA-IG,1,56,3093,48,48,0.00
pmed3,100,10,Exact,4,105,144,93,93,0.00
pmed6,200,5,WVA-IG,4,174,766,83,84,-1.19
pmed3,100,10,Exact,5,105,133,93,93,0.00
pmed26,600,5,Gonzalez,1,317,0,50,38,31.58
pmed26,600,5,Gonzalez,2,317,0,50,38,31.58
pmed26,600,5,Gonzalez,3,317,0,50,38,31.58
pmed26,600,5,Gonzalez,4,317,0,50,38,31.58
pmed26,600,5,Gonzalez,5,317,0,50,38,31.58
pmed26,600,5,FastMap,1,317,0,50,38,31.58
pmed26,600,5,FastMap,2,317,0,53,38,39.47
pmed26,600,5,FastMap,3,317,0,55,38,44.74
pmed26,600,5,FastMap,4,317,0,51,38,34.21
pmed26,600,5,FastMap,5,317,0,49,38,28.95
pmed2,100,10,WVA-IG,5,56,694,98,98,0.00
pmed2,100,10,Exact,1,56,98,98,98,0.00
pmed2,100,10,Exact,2,56,99,98,98,0.00
pmed6,200,5,WVA-IG,5,174,713,83,84,-1.19
pmed2,100,10,Exact,3,56,89,98,98,0.00
pmed6,200,5,Exact,1,174,90,84,84,0.00
pmed2,100,10,Exact,4,56,88,98,98,0.00
pmed6,200,5,Exact,2,174,65,84,84,0.00
pmed6,200,5,Exact,3,174,66,84,84,0.00
pmed2,100,10,Exact,5,56,120,98,98,0.00
pmed6,200,5,Exact,4,174,64,84,84,0.00
pmed6,200,5,Exact,5,174,57,84,84,0.00
pmed7,200,10,WVA-IG,2,70,2155,67,64,4.69
pmed4,100,20,WVA-IG,3,56,1508,76,74,2.70
pmed11,300,5,WVA-IG,3,248,1526,60,59,1.69
pmed21,500,5,WVA-IG,1,739,3935,40,40,0.00
pmed27,600,10,Gonzalez,1,467,0,43,32,34.38
pmed27,600,10,Gonzalez,2,467,0,43,32,34.38
pmed27,600,10,Gonzalez,3,467,0,43,32,34.38
pmed27,600,10,Gonzalez,4,467,0,43,32,34.38
pmed27,600,10,Gonzalez,5,467,0,43,32,34.38
pmed27,600,10,FastMap,1,467,0,40,32,25.00
pmed27,600,10,FastMap,2,467,0,43,32,34.38
pmed27,600,10,FastMap,3,467,0,54,32,68.75
pmed27,600,10,FastMap,4,467,0,44,32,37.50
pmed27,600,10,FastMap,5,467,0,40,32,25.00
pmed28,600,60,Gonzalez,1,523,0,28,18,55.56
pmed28,600,60,Gonzalez,2,523,0,28,18,55.56
pmed28,600,60,Gonzalez,3,523,0,28,18,55.56
pmed28,600,60,Gonzalez,4,523,0,28,18,55.56
pmed28,600,60,Gonzalez,5,523,0,28,18,55.56
pmed28,600,60,FastMap,1,523,4,38,18,111.11
pmed28,600,60,FastMap,2,523,0,30,18,66.67
pmed28,600,60,FastMap,3,523,0,38,18,111.11
pmed28,600,60,FastMap,4,523,0,35,18,94.44
pmed28,600,60,FastMap,5,523,0,38,18,111.11
pmed16,400,5,WVA-IG,2,342,2605,45,47,-4.26
pmed4,100,20,WVA-IG,4,56,1529,76,74,2.70
pmed11,300,5,WVA-IG,4,248,1566,60,59,1.69
pmed5,100,33,WVA-IG,2,56,3087,48,48,0.00
pmed8,200,20,WVA-IG,1,65,6268,57,55,3.64
pmed7,200,10,WVA-IG,3,70,2024,64,64,0.00
pmed12,300,10,WVA-IG,1,286,6442,53,51,3.92
pmed11,300,5,WVA-IG,5,248,1501,59,59,0.00
pmed11,300,5,Exact,1,248,38,59,59,0.00
pmed4,100,20,WVA-IG,5,56,1629,76,74,2.70
pmed4,100,20,Exact,1,56,12,74,74,0.00
pmed4,100,20,Exact,2,56,13,74,74,0.00
pmed4,100,20,Exact,3,56,12,74,74,0.00
pmed11,300,5,Exact,2,248,49,59,59,0.00
pmed4,100,20,Exact,4,56,12,74,74,0.00
pmed4,100,20,Exact,5,56,12,74,74,0.00
pmed11,300,5,Exact,3,248,73,59,59,0.00
pmed11,300,5,Exact,4,248,37,59,59,0.00
pmed11,300,5,Exact,5,248,38,59,59,0.00
pmed29,600,120,Gonzalez,1,324,0,19,13,46.15
pmed29,600,120,Gonzalez,2,324,0,19,13,46.15
pmed29,600,120,Gonzalez,3,324,0,19,13,46.15
pmed29,600,120,Gonzalez,4,324,0,19,13,46.15
pmed29,600,120,Gonzalez,5,324,0,19,13,46.15
pmed29,600,120,FastMap,1,324,1,39,13,200.00
pmed29,600,120,FastMap,2,324,0,31,13,138.46
pmed29,600,120,FastMap,3,324,0,32,13,146.15
pmed29,600,120,FastMap,4,324,1,28,13,115.38
pmed29,600,120,FastMap,5,324,0,35,13,169.23
pmed16,400,5,WVA-IG,3,342,2622,45,47,-4.26
pmed30,600,200,Gonzalez,1,506,0,14,9,55.56
pmed30,600,200,Gonzalez,2,506,0,14,9,55.56
pmed30,600,200,Gonzalez,3,506,0,14,9,55.56
pmed30,600,200,Gonzalez,4,506,0,14,9,55.56
pmed30,600,200,Gonzalez,5,506,0,14,9,55.56
pmed30,600,200,FastMap,1,506,0,28,9,211.11
pmed30,600,200,FastMap,2,506,0,31,9,244.44
pmed30,600,200,FastMap,3,506,0,26,9,188.89
pmed30,600,200,FastMap,4,506,0,29,9,222.22
pmed30,600,200,FastMap,5,506,0,26,9,188.89
pmed7,200,10,WVA-IG,4,70,2209,64,64,0.00
pmed21,500,5,WVA-IG,2,739,4046,40,40,0.00
pmed17,400,10,WVA-IG,1,473,9047,42,39,7.69
pmed5,100,33,WVA-IG,3,56,3307,48,48,0.00
pmed26,600,5,WVA-IG,1,317,6143,38,38,0.00
pmed7,200,10,WVA-IG,5,70,1994,67,64,4.69
pmed16,400,5,WVA-IG,4,342,2614,45,47,-4.26
pmed8,200,20,WVA-IG,2,65,5928,57,55,3.64
pmed12,300,10,WVA-IG,2,286,5727,52,51,1.96
pmed22,500,10,WVA-IG,1,616,11885,40,38,5.26
pmed5,100,33,WVA-IG,4,56,3044,48,48,0.00
pmed21,500,5,WVA-IG,3,739,4211,40,40,0.00
pmed7,200,10,Exact,1,70,2474,64,64,0.00
pmed16,400,5,WVA-IG,5,342,2619,45,47,-4.26
pmed16,400,5,Exact,1,342,139,47,47,0.00
pmed16,400,5,Exact,2,342,126,47,47,0.00
pmed16,400,5,Exact,3,342,105,47,47,0.00
pmed16,400,5,Exact,4,342,92,47,47,0.00
pmed16,400,5,Exact,5,342,101,47,47,0.00
pmed31,700,5,Gonzalez,1,477,0,43,30,43.33
pmed31,700,5,Gonzalez,2,477,0,43,30,43.33
pmed31,700,5,Gonzalez,3,477,0,43,30,43.33
pmed31,700,5,Gonzalez,4,477,0,43,30,43.33
pmed31,700,5,Gonzalez,5,477,0,43,30,43.33
pmed31,700,5,FastMap,1,477,0,41,30,36.67
pmed31,700,5,FastMap,2,477,0,44,30,46.67
pmed31,700,5,FastMap,3,477,0,42,30,40.00
pmed31,700,5,FastMap,4,477,0,40,30,33.33
pmed31,700,5,FastMap,5,477,0,37,30,23.33
pmed26,600,5,WVA-IG,2,317,4954,39,38,2.63
pmed7,200,10,Exact,2,70,2437,64,64,0.00
pmed5,100,33,WVA-IG,5,56,3077,48,48,0.00
pmed5,100,33,Exact,1,56,1,48,48,0.00
pmed5,100,33,Exact,2,56,1,48,48,0.00
pmed5,100,33,Exact,3,56,5,48,48,0.00
pmed5,100,33,Exact,4,56,1,48,48,0.00
pmed5,100,33,Exact,5,56,1,48,48,0.00
pmed32,700,10,Gonzalez,1,489,0,45,29,55.17
pmed32,700,10,Gonzalez,2,489,0,45,29,55.17
pmed32,700,10,Gonzalez,3,489,0,45,29,55.17
pmed32,700,10,Gonzalez,4,489,0,45,29,55.17
pmed32,700,10,Gonzalez,5,489,0,45,29,55.17
pmed32,700,10,FastMap,1,489,0,45,29,55.17
pmed32,700,10,FastMap,2,489,0,79,29,172.41
pmed32,700,10,FastMap,3,489,0,41,29,41.38
pmed32,700,10,FastMap,4,489,0,82,29,182.76
pmed32,700,10,FastMap,5,489,0,81,29,179.31
pmed21,500,5,WVA-IG,4,739,4098,40,40,0.00
pmed17,400,10,WVA-IG,2,473,7730,42,39,7.69
pmed7,200,10,Exact,3,70,2452,64,64,0.00
pmed12,300,10,WVA-IG,3,286,5690,52,51,1.96
pmed8,200,20,WVA-IG,3,65,6205,60,55,9.09
pmed26,600,5,WVA-IG,3,317,4720,40,38,5.26
pmed7,200,10,Exact,4,70,2425,64,64,0.00
pmed21,500,5,WVA-IG,5,739,4285,40,40,0.00
pmed21,500,5,Exact,1,739,197,40,40,0.00
pmed21,500,5,Exact,2,739,138,40,40,0.00
pmed21,500,5,Exact,3,739,210,40,40,0.00
pmed31,700,5,WVA-IG,1,477,7514,30,30,0.00
pmed21,500,5,Exact,4,739,234,40,40,0.00
pmed21,500,5,Exact,5,739,227,40,40,0.00
pmed33,700,70,Gonzalez,1,485,0,25,15,66.67
pmed33,700,70,Gonzalez,2,485,0,25,15,66.67
pmed33,700,70,Gonzalez,3,485,0,25,15,66.67
pmed33,700,70,Gonzalez,4,485,0,25,15,66.67
pmed33,700,70,Gonzalez,5,485,0,25,15,66.67
pmed33,700,70,FastMap,1,485,0,34,15,126.67
pmed33,700,70,FastMap,2,485,0,31,15,106.67
pmed33,700,70,FastMap,3,485,0,29,15,93.33
pmed33,700,70,FastMap,4,485,0,29,15,93.33
pmed33,700,70,FastMap,5,485,0,33,15,120.00
pmed7,200,10,Exact,5,70,2428,64,64,0.00
pmed34,700,140,Gonzalez,1,492,0,17,11,54.55
pmed34,700,140,Gonzalez,2,492,0,17,11,54.55
pmed34,700,140,Gonzalez,3,492,0,17,11,54.55
pmed34,700,140,Gonzalez,4,492,0,17,11,54.55
pmed34,700,140,Gonzalez,5,492,0,17,11,54.55
pmed34,700,140,FastMap,1,492,0,25,11,127.27
pmed34,700,140,FastMap,2,492,0,34,11,209.09
pmed34,700,140,FastMap,3,492,0,26,11,136.36
pmed34,700,140,FastMap,4,492,0,31,11,181.82
pmed34,700,140,FastMap,5,492,0,33,11,200.00
pmed12,300,10,WVA-IG,4,286,5603,52,51,1.96
pmed26,600,5,WVA-IG,4,317,5244,38,38,0.00
pmed8,200,20,WVA-IG,4,65,6358,58,55,5.45
pmed17,400,10,WVA-IG,3,473,7836,40,39,2.56
pmed22,500,10,WVA-IG,2,616,12603,40,38,5.26
pmed9,200,40,WVA-IG,1,82,25644,40,37,8.11
pmed27,600,10,WVA-IG,1,467,23347,34,32,6.25
pmed12,300,10,WVA-IG,5,286,5501,52,51,1.96
pmed31,700,5,WVA-IG,2,477,7688,30,30,0.00
pmed8,200,20,WVA-IG,5,65,5919,61,55,10.91
pmed13,300,30,WVA-IG,1,288,30758,39,35,11.43
pmed12,300,10,Exact,1,286,1858,51,51,0.00
pmed26,600,5,WVA-IG,5,317,6628,38,38,0.00
pmed26,600,5,Exact,1,317,336,38,38,0.00
pmed26,600,5,Exact,2,317,343,38,38,0.00
pmed26,600,5,Exact,3,317,334,38,38,0.00
pmed17,400,10,WVA-IG,4,473,7626,42,39,7.69
pmed26,600,5,Exact,4,317,313,38,38,0.00
pmed12,300,10,Exact,2,286,1844,51,51,0.00
pmed26,600,5,Exact,5,317,317,38,38,0.00
pmed35,800,5,Gonzalez,1,739,0,38,30,26.67
pmed35,800,5,Gonzalez,2,739,0,38,30,26.67
pmed35,800,5,Gonzalez,3,739,0,38,30,26.67
pmed35,800,5,Gonzalez,4,739,0,38,30,26.67
pmed35,800,5,Gonzalez,5,739,0,38,30,26.67
pmed35,800,5,FastMap,1,739,0,40,30,33.33
pmed35,800,5,FastMap,2,739,0,37,30,23.33
pmed35,800,5,FastMap,3,739,0,49,30,63.33
pmed35,800,5,FastMap,4,739,0,44,30,46.67
pmed35,800,5,FastMap,5,739,0,40,30,33.33
pmed12,300,10,Exact,3,286,1856,51,51,0.00
pmed22,500,10,WVA-IG,3,616,11185,40,38,5.26
pmed12,300,10,Exact,4,286,1898,51,51,0.00
pmed31,700,5,WVA-IG,3,477,7518,30,30,0.00
pmed12,300,10,Exact,5,286,1894,51,51,0.00
pmed36,800,10,Gonzalez,1,778,0,41,27,51.85
pmed36,800,10,Gonzalez,2,778,0,41,27,51.85
pmed36,800,10,Gonzalez,3,778,0,41,27,51.85
pmed36,800,10,Gonzalez,4,778,0,41,27,51.85
pmed36,800,10,Gonzalez,5,778,0,41,27,51.85
pmed36,800,10,FastMap,1,778,0,50,27,85.19
pmed36,800,10,FastMap,2,778,0,40,27,48.15
pmed36,800,10,FastMap,3,778,0,41,27,51.85
pmed36,800,10,FastMap,4,778,0,62,27,129.63
pmed36,800,10,FastMap,5,778,0,61,27,125.93
pmed17,400,10,WVA-IG,5,473,7521,42,39,7.69
pmed10,200,67,WVA-IG,1,65,42381,21,20,5.00
pmed32,700,10,WVA-IG,1,489,26673,31,29,6.90
pmed35,800,5,WVA-IG,1,739,10693,30,30,0.00
pmed31,700,5,WVA-IG,4,477,7855,30,30,0.00
pmed22,500,10,WVA-IG,4,616,9734,39,38,2.63
pmed9,200,40,WVA-IG,2,82,23141,40,37,8.11
pmed27,600,10,WVA-IG,2,467,23413,34,32,6.25
pmed17,400,10,Exact,1,473,12348,39,39,0.00
pmed31,700,5,WVA-IG,5,477,7749,30,30,0.00
pmed31,700,5,Exact,1,477,546,30,30,0.00
pmed31,700,5,Exact,2,477,471,30,30,0.00
pmed31,700,5,Exact,3,477,474,30,30,0.00
pmed31,700,5,Exact,4,477,477,30,30,0.00
pmed31,700,5,Exact,5,477,475,30,30,0.00
pmed35,800,5,WVA-IG,2,739,11038,30,30,0.00
pmed22,500,10,WVA-IG,5,616,9646,39,38,2.63
pmed37,800,80,Gonzalez,1,719,0,24,15,60.00
pmed37,800,80,Gonzalez,2,719,0,24,15,60.00
pmed37,800,80,Gonzalez,3,719,0,24,15,60.00
pmed37,800,80,Gonzalez,4,719,0,24,15,60.00
pmed37,800,80,Gonzalez,5,719,0,24,15,60.00
pmed37,800,80,FastMap,1,719,0,31,15,106.67
pmed37,800,80,FastMap,2,719,0,32,15,113.33
pmed37,800,80,FastMap,3,719,0,29,15,93.33
pmed37,800,80,FastMap,4,719,0,32,15,113.33
pmed37,800,80,FastMap,5,719,0,31,15,106.67
pmed13,300,30,WVA-IG,2,288,26958,38,35,8.57
pmed17,400,10,Exact,2,473,12318,39,39,0.00
pmed35,800,5,WVA-IG,3,739,12186,30,30,0.00
pmed32,700,10,WVA-IG,2,489,26837,31,29,6.90
pmed9,200,40,WVA-IG,3,82,23260,40,37,8.11
pmed27,600,10,WVA-IG,3,467,22475,34,32,6.25
pmed36,800,10,WVA-IG,1,778,35516,29,27,7.41
pmed17,400,10,Exact,3,473,12249,39,39,0.00
pmed35,800,5,WVA-IG,4,739,12130,30,30,0.00
pmed18,400,40,WVA-IG,1,368,82372,32,28,14.29
pmed13,300,30,WVA-IG,3,288,25350,39,35,11.43
pmed10,200,67,WVA-IG,2,65,43736,21,20,5.00
pmed17,400,10,Exact,4,473,12233,39,39,0.00
pmed35,800,5,WVA-IG,5,739,12829,30,30,0.00
pmed35,800,5,Exact,1,739,444,30,30,0.00
pmed35,800,5,Exact,2,739,445,30,30,0.00
pmed35,800,5,Exact,3,739,449,30,30,0.00
pmed35,800,5,Exact,4,739,448,30,30,0.00
pmed32,700,10,WVA-IG,3,489,24834,30,29,3.45
pmed35,800,5,Exact,5,739,447,30,30,0.00
pmed38,900,5,Gonzalez,1,1179,0,36,29,24.14
pmed38,900,5,Gonzalez,2,1179,0,36,29,24.14
pmed38,900,5,Gonzalez,3,1179,0,36,29,24.14
pmed38,900,5,Gonzalez,4,1179,0,36,29,24.14
pmed38,900,5,Gonzalez,5,1179,0,36,29,24.14
pmed38,900,5,FastMap,1,1179,0,50,29,72.41
pmed38,900,5,FastMap,2,1179,0,40,29,37.93
pmed38,900,5,FastMap,3,1179,0,45,29,55.17
pmed38,900,5,FastMap,4,1179,0,38,29,31.03
pmed38,900,5,FastMap,5,1179,0,53,29,82.76
pmed27,600,10,WVA-IG,4,467,22658,34,32,6.25
pmed9,200,40,WVA-IG,4,82,25624,40,37,8.11
pmed14,300,60,WVA-IG,1,280,101659,30,26,15.38
pmed17,400,10,Exact,5,473,14357,39,39,0.00
pmed39,900,10,Gonzalez,1,1433,0,35,23,52.17
pmed39,900,10,Gonzalez,2,1433,0,35,23,52.17
pmed39,900,10,Gonzalez,3,1433,0,35,23,52.17
pmed39,900,10,Gonzalez,4,1433,0,35,23,52.17
pmed39,900,10,Gonzalez,5,1433,0,35,23,52.17
pmed39,900,10,FastMap,1,1433,0,31,23,34.78
pmed39,900,10,FastMap,2,1433,0,34,23,47.83
pmed39,900,10,FastMap,3,1433,0,34,23,47.83
pmed39,900,10,FastMap,4,1433,0,35,23,52.17
pmed39,900,10,FastMap,5,1433,0,35,23,52.17
pmed13,300,30,WVA-IG,4,288,25379,39,35,11.43
pmed36,800,10,WVA-IG,2,778,35180,29,27,7.41
pmed38,900,5,WVA-IG,1,1179,16762,29,29,0.00
pmed27,600,10,WVA-IG,5,467,21210,34,32,6.25
pmed9,200,40,WVA-IG,5,82,23919,40,37,8.11
pmed8,200,20,Exact,1,65,91884,55,55,0.00
pmed38,900,5,WVA-IG,2,1179,17453,29,29,0.00
pmed32,700,10,WVA-IG,4,489,35988,31,29,6.90
pmed10,200,67,WVA-IG,3,65,44817,22,20,10.00
pmed22,500,10,Exact,1,616,78051,38,38,0.00
pmed13,300,30,WVA-IG,5,288,24991,39,35,11.43
pmed9,200,40,Exact,1,82,14537,37,37,0.00
pmed36,800,10,WVA-IG,3,778,35492,28,27,3.70
pmed38,900,5,WVA-IG,3,1179,17257,29,29,0.00
pmed39,900,10,WVA-IG,1,1433,44470,25,23,8.70
pmed9,200,40,Exact,2,82,14611,37,37,0.00
pmed38,900,5,WVA-IG,4,1179,13795,29,29,0.00
pmed9,200,40,Exact,3,82,14489,37,37,0.00
pmed18,400,40,WVA-IG,2,368,82674,33,28,17.86
pmed32,700,10,WVA-IG,5,489,35050,30,29,3.45
pmed10,200,67,WVA-IG,4,65,38868,21,20,5.00
pmed38,900,5,WVA-IG,5,1179,12449,29,29,0.00
pmed38,900,5,Exact,1,1179,658,29,29,0.00
pmed38,900,5,Exact,2,1179,786,29,29,0.00
pmed38,900,5,Exact,3,1179,695,29,29,0.00
pmed38,900,5,Exact,4,1179,699,29,29,0.00
pmed38,900,5,Exact,5,1179,707,29,29,0.00
pmed40,900,90,Gonzalez,1,887,0,21,13,61.54
pmed40,900,90,Gonzalez,2,887,0,21,13,61.54
pmed40,900,90,Gonzalez,3,887,0,21,13,61.54
pmed40,900,90,Gonzalez,4,887,0,21,13,61.54
pmed40,900,90,Gonzalez,5,887,0,21,13,61.54
pmed40,900,90,FastMap,1,887,0,25,13,92.31
pmed40,900,90,FastMap,2,887,0,25,13,92.31
pmed40,900,90,FastMap,3,887,0,25,13,92.31
pmed40,900,90,FastMap,4,887,0,28,13,115.38
pmed40,900,90,FastMap,5,887,0,25,13,92.31
pmed9,200,40,Exact,4,82,15566,37,37,0.00
pmed36,800,10,WVA-IG,4,778,38216,29,27,7.41
pmed9,200,40,Exact,5,82,16125,37,37,0.00
pmed23,500,50,WVA-IG,1,607,201523,28,22,27.27
pmed39,900,10,WVA-IG,2,1433,53230,25,23,8.70
pmed14,300,60,WVA-IG,2,280,105255,31,26,19.23
pmed22,500,10,Exact,2,616,76079,38,38,0.00
pmed8,200,20,Exact,2,65,90011,55,55,0.00
pmed10,200,67,WVA-IG,5,65,46337,21,20,5.00
pmed10,200,67,Exact,1,65,5,20,20,0.00
pmed10,200,67,Exact,2,65,5,20,20,0.00
pmed10,200,67,Exact,3,65,5,20,20,0.00
pmed10,200,67,Exact,4,65,5,20,20,0.00
pmed10,200,67,Exact,5,65,5,20,20,0.00
pmed36,800,10,WVA-IG,5,778,35470,30,27,11.11
pmed15,300,100,WVA-IG,1,261,230372,19,18,5.56
pmed39,900,10,WVA-IG,3,1433,41814,25,23,8.70
pmed18,400,40,WVA-IG,3,368,88749,33,28,17.86
pmed22,500,10,Exact,3,616,50576,38,38,0.00
pmed39,900,10,WVA-IG,4,1433,38917,25,23,8.70
pmed19,400,80,WVA-IG,1,353,299945,23,18,27.78
pmed8,200,20,Exact,3,65,89334,55,55,0.00
pmed14,300,60,WVA-IG,3,280,98900,30,26,15.38
pmed39,900,10,WVA-IG,5,1433,38599,25,23,8.70
pmed22,500,10,Exact,4,616,68270,38,38,0.00
pmed18,400,40,WVA-IG,4,368,106977,33,28,17.86
pmed15,300,100,WVA-IG,2,261,146839,19,18,5.56
pmed14,300,60,WVA-IG,4,280,78831,31,26,19.23
pmed8,200,20,Exact,4,65,93620,55,55,0.00
pmed22,500,10,Exact,5,616,80479,38,38,0.00
pmed23,500,50,WVA-IG,2,607,222742,26,22,18.18
pmed14,300,60,WVA-IG,5,280,74242,31,26,19.23
pmed18,400,40,WVA-IG,5,368,100035,33,28,17.86
pmed8,200,20,Exact,5,65,77405,55,55,0.00
pmed28,600,60,WVA-IG,1,523,468421,23,18,27.78
pmed15,300,100,WVA-IG,3,261,161451,20,18,11.11
pmed20,400,133,WVA-IG,1,354,543267,17,13,30.77
pmed39,900,10,Exact,1,1433,221999,23,23,0.00
pmed19,400,80,WVA-IG,2,353,287844,24,18,33.33
pmed23,500,50,WVA-IG,3,607,192193,27,22,22.73
pmed27,600,10,Exact,1,467,509961,32,32,0.00
pmed15,300,100,WVA-IG,4,261,145557,21,18,16.67
pmed32,700,10,Exact,1,489,556949,29,29,0.00
pmed24,500,100,WVA-IG,1,669,746016,20,15,33.33
pmed23,500,50,WVA-IG,4,607,164546,28,22,27.27
pmed15,300,100,WVA-IG,5,261,127753,21,18,16.67
pmed15,300,100,Exact,1,261,1862,18,18,0.00
pmed15,300,100,Exact,2,261,1804,18,18,0.00
pmed15,300,100,Exact,3,261,1804,18,18,0.00
pmed15,300,100,Exact,4,261,3579,18,18,0.00
pmed15,300,100,Exact,5,261,3587,18,18,0.00
pmed19,400,80,WVA-IG,3,353,276110,24,18,33.33
pmed39,900,10,Exact,2,1433,326461,23,23,0.00
pmed28,600,60,WVA-IG,2,523,488219,22,18,22.22
pmed23,500,50,WVA-IG,5,607,191772,29,22,31.82
pmed14,300,60,Exact,1,280,596130,26,26,0.00
pmed20,400,133,WVA-IG,2,354,522118,17,13,30.77
pmed32,700,10,Exact,2,489,389674,29,29,0.00
pmed33,700,70,WVA-IG,1,485,1095875,20,15,33.33
pmed19,400,80,WVA-IG,4,353,264902,23,18,27.78
pmed25,500,167,WVA-IG,1,154,1140515,15,11,36.36
pmed29,600,120,WVA-IG,1,324,1136135,17,13,30.77
pmed39,900,10,Exact,3,1433,290033,23,23,0.00
pmed36,800,10,Exact,1,778,956613,27,27,0.00
pmed27,600,10,Exact,2,467,559372,32,32,0.00
pmed19,400,80,WVA-IG,5,353,158071,23,18,27.78
pmed24,500,100,WVA-IG,2,669,573262,20,15,33.33
pmed28,600,60,WVA-IG,3,523,365098,22,18,22.22
pmed39,900,10,Exact,4,1433,239813,23,23,0.00
pmed20,400,133,WVA-IG,3,354,403102,16,13,23.08
pmed37,800,80,WVA-IG,1,719,1528286,20,15,33.33
pmed39,900,10,Exact,5,1433,203173,23,23,0.00
pmed14,300,60,Exact,2,280,590341,26,26,0.00
pmed28,600,60,WVA-IG,4,523,326454,23,18,27.78
pmed32,700,10,Exact,3,489,543202,29,29,0.00
pmed27,600,10,Exact,3,467,485193,32,32,0.00
pmed28,600,60,WVA-IG,5,523,187413,22,18,22.22
pmed27,600,10,Exact,4,467,258423,32,32,0.00
pmed20,400,133,WVA-IG,4,354,496665,16,13,23.08
pmed24,500,100,WVA-IG,3,669,654619,21,15,40.00
pmed33,700,70,WVA-IG,2,485,895081,21,15,40.00
pmed14,300,60,Exact,3,280,385429,26,26,0.00
pmed36,800,10,Exact,2,778,904709,27,27,0.00
pmed27,600,10,Exact,5,467,259335,32,32,0.00
pmed32,700,10,Exact,4,489,683201,29,29,0.00
pmed30,600,200,WVA-IG,1,506,2355663,13,9,44.44
pmed34,700,140,WVA-IG,1,492,2366478,15,11,36.36
pmed20,400,133,WVA-IG,5,354,436745,17,13,30.77
pmed20,400,133,Exact,1,354,793,13,13,0.00
pmed20,400,133,Exact,2,354,818,13,13,0.00
pmed20,400,133,Exact,3,354,794,13,13,0.00
pmed20,400,133,Exact,4,354,793,13,13,0.00
pmed20,400,133,Exact,5,354,793,13,13,0.00
pmed14,300,60,Exact,4,280,377879,26,26,0.00
pmed24,500,100,WVA-IG,4,669,476060,20,15,33.33
pmed25,500,167,WVA-IG,2,154,1443581,14,11,27.27
pmed29,600,120,WVA-IG,2,324,1452288,17,13,30.77
pmed40,900,90,WVA-IG,1,887,2470847,18,13,38.46
pmed36,800,10,Exact,3,778,617375,27,27,0.00
pmed32,700,10,Exact,5,489,373222,29,29,0.00
pmed37,800,80,WVA-IG,2,719,1141141,21,15,40.00
pmed33,700,70,WVA-IG,3,485,748587,21,15,40.00
pmed24,500,100,WVA-IG,5,669,326668,19,15,26.67
pmed14,300,60,Exact,5,280,532751,26,26,0.00
pmed33,700,70,WVA-IG,4,485,506744,21,15,40.00
pmed29,600,120,WVA-IG,3,324,787794,17,13,30.77
pmed36,800,10,Exact,4,778,778153,27,27,0.00
pmed25,500,167,WVA-IG,3,154,1156637,14,11,27.27
pmed37,800,80,WVA-IG,3,719,1042122,20,15,33.33
pmed33,700,70,WVA-IG,5,485,552761,21,15,40.00
pmed29,600,120,WVA-IG,4,324,728117,17,13,30.77
pmed34,700,140,WVA-IG,2,492,1737015,15,11,36.36
pmed36,800,10,Exact,5,778,704527,27,27,0.00
pmed30,600,200,WVA-IG,2,506,1860338,13,9,44.44
pmed25,500,167,WVA-IG,4,154,828793,14,11,27.27
pmed40,900,90,WVA-IG,2,887,2192371,19,13,46.15
pmed37,800,80,WVA-IG,4,719,1155764,21,15,40.00
pmed29,600,120,WVA-IG,5,324,938304,17,13,30.77
pmed25,500,167,WVA-IG,5,154,807078,14,11,27.27
pmed34,700,140,WVA-IG,3,492,1544559,15,11,36.36
pmed25,500,167,Exact,1,154,654683,11,11,0.00
pmed30,600,200,WVA-IG,3,506,1828604,14,9,55.56
pmed37,800,80,WVA-IG,5,719,1229300,20,15,33.33
pmed25,500,167,Exact,2,154,680467,11,11,0.00
pmed40,900,90,WVA-IG,3,887,1957933,19,13,46.15
pmed25,500,167,Exact,3,154,624027,11,11,0.00
pmed34,700,140,WVA-IG,4,492,1796634,16,11,45.45
pmed30,600,200,WVA-IG,4,506,1758045,13,9,44.44
pmed25,500,167,Exact,4,154,731660,11,11,0.00
pmed25,500,167,Exact,5,154,619752,11,11,0.00
pmed40,900,90,WVA-IG,4,887,2041064,18,13,38.46
pmed30,600,200,WVA-IG,5,506,1776890,13,9,44.44
pmed34,700,140,WVA-IG,5,492,2472400,16,11,45.45
pmed40,900,90,WVA-IG,5,887,2004462,18,13,38.46
pmed13,300,30,Exact,1,288,54150055,35,35,0.00
